id,date_added,side,company,contact_name,contact_title,email,signal,round,role_family,match_score,status,last_action,next_action,value_if_closed,access_fee,status_backend
1,2026-09-30,demand,Onyx Security,,,,,Series A,cyber,,,new,,verify careers page,,,,,
2,2026-09-30,demand,Nexthop AI,,,,,$110M,platform,4,new,,verify careers page,,,,,
3,2026-09-30,demand,Uncommon.io,,,,,$18M Series A,ml,,new,,verify careers page,,,,,
4,2026-09-30,demand,BackOps AI,,,,,Series A,ai eng,,new,,verify careers page,,,,,
5,2026-09-30,demand,Qurrent,,,,,Series A,ai eng,,new,,verify careers page,,,,,
6,2026-09-30,demand,Femtum,,,,,Series A,ml,,new,,verify careers page,,,,,
7,2026-09-30,demand,Celloid,,,,,Series A,ai eng,,new,,verify careers page,,,,,
8,2026-09-30,demand,GalaxEye,,,,,Series A,cv/perception,,new,,verify careers page,,,,,
9,2026-09-30,demand,Axiom Math AI,,,,,Series A,ml research,,new,,verify careers page,,,,,
10,2026-09-30,demand,Cognition AI,,,,,Sept 2026 round,ai infra,,new,,verify careers page,,,,,
11,2026-09-30,supply,Harnham,,,,,,ml+cyber,,new,,find BD contact,,,,,
12,2026-09-30,supply,Recruits Lab,,,,,,ml,,new,,find BD contact,,,,,
13,2026-09-30,supply,Redfish Technology,,,,,,ml+cyber,,new,,find BD contact,,,,,
14,2026-09-30,supply,Blue Signal Search,,,,,,ml,,new,,find BD contact,,,,,
15,2026-09-30,supply,KORE1,,,,,,ml,,new,,find BD contact,,,,,
16,2026-09-30,supply,Alpha Apex Group,,,,,,ml,,new,,find BD contact,,,,,
17,2026-09-30,supply,Talentfoot,,,,,,exec,,new,,find BD contact,,,,,
18,2026-09-30,supply,Christian & Timbers,,,,,,exec,,new,,find BD contact,,,,,
19,2026-09-30,supply,Tecla,,,,,,ml,,new,,find BD contact,,,,,
20,2026-09-30,supply,MSH Talent,,,,,,ml,,new,,find BD contact,,,,,
